sample,interface,R146_seq,engaged
boltz_s0,1â†’2,6.86,True
boltz_s0,2â†’3,6.9,True
boltz_s0,3â†’4,7.15,True
boltz_s0,4â†’5,6.93,True
boltz_s0,5â†’1,7.02,True
boltz_s1,1â†’2,6.19,True
boltz_s1,2â†’3,6.56,True
boltz_s1,3â†’4,6.29,True
boltz_s1,4â†’5,6.35,True
boltz_s1,5â†’1,6.19,True
boltz_s2,1â†’2,6.28,True
boltz_s2,2â†’3,6.0,True
boltz_s2,3â†’4,6.28,True
boltz_s2,4â†’5,6.17,True
boltz_s2,5â†’1,6.12,True
boltz_s3,1â†’2,5.37,True
boltz_s3,2â†’3,5.07,True
boltz_s3,3â†’4,5.49,True
boltz_s3,4â†’5,5.14,True
boltz_s3,5â†’1,5.21,True
boltz_s4,1â†’2,7.46,True
boltz_s4,2â†’3,7.46,True
boltz_s4,3â†’4,7.45,True
boltz_s4,4â†’5,7.37,True
boltz_s4,5â†’1,6.72,True
of3,1â†’2,4.7,True
of3,2â†’3,3.88,True
of3,3â†’4,4.58,True
of3,4â†’5,4.0,True
of3,5â†’1,3.98,True
