construct,predictor,seed,donor,acceptor,R146,engaged,tether_seat
native_ring,Boltz-2,1,A,B,6.57,True,
native_ring,Boltz-2,1,B,C,6.62,True,
native_ring,Boltz-2,1,C,D,6.53,True,
native_ring,Boltz-2,1,D,E,6.64,True,
native_ring,Boltz-2,1,E,A,6.69,True,
native_ring,Boltz-2,2,A,B,6.71,True,
native_ring,Boltz-2,2,B,C,7.26,True,
native_ring,Boltz-2,2,C,D,7.26,True,
native_ring,Boltz-2,2,D,E,7.18,True,
native_ring,Boltz-2,2,E,A,7.04,True,
native_ring,Boltz-2,3,A,D,5.59,True,
native_ring,Boltz-2,3,B,A,5.52,True,
native_ring,Boltz-2,3,C,B,5.38,True,
native_ring,Boltz-2,3,D,E,5.73,True,
native_ring,Boltz-2,3,E,C,5.56,True,
B1_L32_in_ring,Boltz-2,1,m1,m2,6.26,True,True
B1_L32_in_ring,Boltz-2,1,m2,C,5.72,True,True
B1_L32_in_ring,Boltz-2,1,C,E,5.28,True,False
B1_L32_in_ring,Boltz-2,1,D,m1,5.24,True,False
B1_L32_in_ring,Boltz-2,1,E,D,5.02,True,False
B1_L32_in_ring,Boltz-2,2,m1,C,7.14,True,True
B1_L32_in_ring,Boltz-2,2,m2,D,7.27,True,True
B1_L32_in_ring,Boltz-2,2,C,m2,7.72,True,False
B1_L32_in_ring,Boltz-2,2,D,E,7.17,True,False
B1_L32_in_ring,Boltz-2,2,E,m1,7.28,True,False
B1_L32_in_ring,Boltz-2,3,m1,D,5.38,True,True
B1_L32_in_ring,Boltz-2,3,m2,m1,5.4,True,True
B1_L32_in_ring,Boltz-2,3,C,m2,5.7,True,False
B1_L32_in_ring,Boltz-2,3,D,E,5.33,True,False
B1_L32_in_ring,Boltz-2,3,E,C,5.23,True,False
B1_L40_in_ring,Boltz-2,1,m1,m2,5.54,True,True
B1_L40_in_ring,Boltz-2,1,m2,C,5.98,True,True
B1_L40_in_ring,Boltz-2,1,C,E,5.65,True,False
B1_L40_in_ring,Boltz-2,1,D,m1,5.99,True,False
B1_L40_in_ring,Boltz-2,1,E,D,5.66,True,False
B1_L40_in_ring,Boltz-2,2,m1,m2,5.87,True,True
B1_L40_in_ring,Boltz-2,2,m2,D,6.16,True,True
B1_L40_in_ring,Boltz-2,2,C,m1,6.21,True,False
B1_L40_in_ring,Boltz-2,2,D,E,6.25,True,False
B1_L40_in_ring,Boltz-2,2,E,C,6.01,True,False
B1_L40_in_ring,Boltz-2,3,m1,D,5.59,True,True
B1_L40_in_ring,Boltz-2,3,m2,m1,5.82,True,True
B1_L40_in_ring,Boltz-2,3,C,E,5.7,True,False
B1_L40_in_ring,Boltz-2,3,D,C,5.33,True,False
B1_L40_in_ring,Boltz-2,3,E,m2,5.81,True,False
native_ring,Chai-1,42.0,A,B,3.8,True,False
native_ring,Chai-1,42.0,B,C,3.93,True,False
native_ring,Chai-1,42.0,C,D,4.01,True,False
native_ring,Chai-1,42.0,D,E,4.1,True,False
native_ring,Chai-1,42.0,E,A,4.07,True,False
native_ring,Chai-1,42.1,A,B,3.37,True,False
native_ring,Chai-1,42.1,B,C,3.44,True,False
native_ring,Chai-1,42.1,C,D,3.29,True,False
native_ring,Chai-1,42.1,D,E,3.32,True,False
native_ring,Chai-1,42.1,E,A,3.55,True,False
native_ring,Chai-1,42.2,A,B,2.38,True,False
native_ring,Chai-1,42.2,B,C,2.42,True,False
native_ring,Chai-1,42.2,C,D,2.65,True,False
native_ring,Chai-1,42.2,D,E,2.67,True,False
native_ring,Chai-1,42.2,E,A,2.5,True,False
native_ring,Chai-1,42.3,A,B,2.86,True,False
native_ring,Chai-1,42.3,B,C,2.76,True,False
native_ring,Chai-1,42.3,C,D,2.94,True,False
native_ring,Chai-1,42.3,D,E,2.9,True,False
native_ring,Chai-1,42.3,E,A,2.89,True,False
native_ring,Chai-1,42.4,A,B,2.77,True,False
native_ring,Chai-1,42.4,B,C,2.8,True,False
native_ring,Chai-1,42.4,C,D,2.72,True,False
native_ring,Chai-1,42.4,D,E,2.93,True,False
native_ring,Chai-1,42.4,E,A,2.64,True,False
native_ring,Chai-1,7.0,A,B,3.43,True,False
native_ring,Chai-1,7.0,B,C,3.44,True,False
native_ring,Chai-1,7.0,C,D,3.52,True,False
native_ring,Chai-1,7.0,D,E,3.46,True,False
native_ring,Chai-1,7.0,E,A,3.52,True,False
native_ring,Chai-1,7.1,A,B,1.69,True,False
native_ring,Chai-1,7.1,B,C,1.78,True,False
native_ring,Chai-1,7.1,C,D,1.86,True,False
native_ring,Chai-1,7.1,D,E,2.0,True,False
native_ring,Chai-1,7.1,E,A,1.71,True,False
native_ring,Chai-1,7.2,A,B,1.95,True,False
native_ring,Chai-1,7.2,B,C,2.14,True,False
native_ring,Chai-1,7.2,C,D,1.98,True,False
native_ring,Chai-1,7.2,D,E,2.18,True,False
native_ring,Chai-1,7.2,E,A,2.22,True,False
native_ring,Chai-1,7.3,A,B,3.24,True,False
native_ring,Chai-1,7.3,B,C,3.24,True,False
native_ring,Chai-1,7.3,C,D,3.05,True,False
native_ring,Chai-1,7.3,D,E,3.02,True,False
native_ring,Chai-1,7.3,E,A,3.23,True,False
native_ring,Chai-1,7.4,A,B,2.66,True,False
native_ring,Chai-1,7.4,B,C,2.69,True,False
native_ring,Chai-1,7.4,C,D,2.8,True,False
native_ring,Chai-1,7.4,D,E,2.63,True,False
native_ring,Chai-1,7.4,E,A,2.7,True,False
B1_L32_in_ring,Chai-1,42.0,m1,C,4.32,True,True
B1_L32_in_ring,Chai-1,42.0,m2,B,4.02,True,True
B1_L32_in_ring,Chai-1,42.0,B,m1,3.96,True,False
B1_L32_in_ring,Chai-1,42.0,C,D,3.99,True,False
B1_L32_in_ring,Chai-1,42.0,D,m2,4.06,True,False
B1_L32_in_ring,Chai-1,42.1,m1,m2,6.51,True,True
B1_L32_in_ring,Chai-1,42.1,m2,C,4.58,True,True
B1_L32_in_ring,Chai-1,42.1,B,m2,3.19,True,False
B1_L32_in_ring,Chai-1,42.1,C,m2,52.56,False,False
B1_L32_in_ring,Chai-1,42.1,D,B,3.47,True,False
B1_L32_in_ring,Chai-1,42.2,m1,D,4.55,True,True
B1_L32_in_ring,Chai-1,42.2,m2,D,3.78,True,True
B1_L32_in_ring,Chai-1,42.2,B,C,25.4,False,False
B1_L32_in_ring,Chai-1,42.2,C,m1,3.59,True,False
B1_L32_in_ring,Chai-1,42.2,D,B,4.22,True,False
B1_L32_in_ring,Chai-1,42.3,m1,C,5.15,True,True
B1_L32_in_ring,Chai-1,42.3,m2,C,23.72,False,True
B1_L32_in_ring,Chai-1,42.3,B,C,2.73,True,False
B1_L32_in_ring,Chai-1,42.3,C,m2,26.7,False,False
B1_L32_in_ring,Chai-1,42.3,D,B,3.63,True,False
B1_L32_in_ring,Chai-1,42.4,m1,m2,3.68,True,True
B1_L32_in_ring,Chai-1,42.4,m2,B,4.1,True,True
B1_L32_in_ring,Chai-1,42.4,B,C,3.77,True,False
B1_L32_in_ring,Chai-1,42.4,C,D,4.12,True,False
B1_L32_in_ring,Chai-1,42.4,D,m1,3.99,True,False
B1_L32_in_ring,Chai-1,7.0,m1,m2,3.78,True,True
B1_L32_in_ring,Chai-1,7.0,m2,D,4.07,True,True
B1_L32_in_ring,Chai-1,7.0,B,C,3.88,True,False
B1_L32_in_ring,Chai-1,7.0,C,m1,3.72,True,False
B1_L32_in_ring,Chai-1,7.0,D,B,3.53,True,False
B1_L32_in_ring,Chai-1,7.1,m1,C,3.36,True,True
B1_L32_in_ring,Chai-1,7.1,m2,B,3.01,True,True
B1_L32_in_ring,Chai-1,7.1,B,m1,3.68,True,False
B1_L32_in_ring,Chai-1,7.1,C,D,3.65,True,False
B1_L32_in_ring,Chai-1,7.1,D,m2,3.83,True,False
B1_L32_in_ring,Chai-1,7.2,m1,m2,4.48,True,True
B1_L32_in_ring,Chai-1,7.2,m2,D,4.86,True,True
B1_L32_in_ring,Chai-1,7.2,B,m2,3.19,True,False
B1_L32_in_ring,Chai-1,7.2,C,m1,3.85,True,False
B1_L32_in_ring,Chai-1,7.2,D,C,49.23,False,False
B1_L32_in_ring,Chai-1,7.3,m1,m2,4.46,True,True
B1_L32_in_ring,Chai-1,7.3,m2,D,4.63,True,True
B1_L32_in_ring,Chai-1,7.3,B,m1,4.56,True,False
B1_L32_in_ring,Chai-1,7.3,C,B,4.24,True,False
B1_L32_in_ring,Chai-1,7.3,D,C,4.26,True,False
B1_L32_in_ring,Chai-1,7.4,m1,C,3.67,True,True
B1_L32_in_ring,Chai-1,7.4,m2,C,4.44,True,True
B1_L32_in_ring,Chai-1,7.4,B,D,3.34,True,False
B1_L32_in_ring,Chai-1,7.4,C,B,3.28,True,False
B1_L32_in_ring,Chai-1,7.4,D,m2,3.1,True,False
B1_L40_in_ring,Chai-1,42.0,m1,m2,4.42,True,True
B1_L40_in_ring,Chai-1,42.0,m2,D,4.14,True,True
B1_L40_in_ring,Chai-1,42.0,B,C,3.86,True,False
B1_L40_in_ring,Chai-1,42.0,C,m1,3.95,True,False
B1_L40_in_ring,Chai-1,42.0,D,B,3.7,True,False
B1_L40_in_ring,Chai-1,42.1,m1,D,2.34,True,True
B1_L40_in_ring,Chai-1,42.1,m2,D,3.67,True,True
B1_L40_in_ring,Chai-1,42.1,B,m2,3.68,True,False
B1_L40_in_ring,Chai-1,42.1,C,B,4.0,True,False
B1_L40_in_ring,Chai-1,42.1,D,C,36.29,False,False
B1_L40_in_ring,Chai-1,42.2,m1,m2,4.45,True,True
B1_L40_in_ring,Chai-1,42.2,m2,D,4.08,True,True
B1_L40_in_ring,Chai-1,42.2,B,C,3.8,True,False
B1_L40_in_ring,Chai-1,42.2,C,m1,3.91,True,False
B1_L40_in_ring,Chai-1,42.2,D,B,3.85,True,False
B1_L40_in_ring,Chai-1,42.3,m1,m2,4.91,True,True
B1_L40_in_ring,Chai-1,42.3,m2,D,5.36,True,True
B1_L40_in_ring,Chai-1,42.3,B,m1,3.9,True,False
B1_L40_in_ring,Chai-1,42.3,C,m2,2.73,True,False
B1_L40_in_ring,Chai-1,42.3,D,B,42.69,False,False
B1_L40_in_ring,Chai-1,42.4,m1,m2,3.73,True,True
B1_L40_in_ring,Chai-1,42.4,m2,D,3.99,True,True
B1_L40_in_ring,Chai-1,42.4,B,C,3.81,True,False
B1_L40_in_ring,Chai-1,42.4,C,m1,4.14,True,False
B1_L40_in_ring,Chai-1,42.4,D,B,4.21,True,False
B1_L40_in_ring,Chai-1,7.0,m1,m2,3.59,True,True
B1_L40_in_ring,Chai-1,7.0,m2,D,4.17,True,True
B1_L40_in_ring,Chai-1,7.0,B,m1,4.03,True,False
B1_L40_in_ring,Chai-1,7.0,C,B,4.14,True,False
B1_L40_in_ring,Chai-1,7.0,D,C,4.23,True,False
B1_L40_in_ring,Chai-1,7.1,m1,m2,2.03,True,True
B1_L40_in_ring,Chai-1,7.1,m2,D,2.45,True,True
B1_L40_in_ring,Chai-1,7.1,B,m2,3.44,True,False
B1_L40_in_ring,Chai-1,7.1,C,B,1.82,True,False
B1_L40_in_ring,Chai-1,7.1,D,C,3.22,True,False
B1_L40_in_ring,Chai-1,7.2,m1,m2,4.67,True,True
B1_L40_in_ring,Chai-1,7.2,m2,D,4.76,True,True
B1_L40_in_ring,Chai-1,7.2,B,m1,4.21,True,False
B1_L40_in_ring,Chai-1,7.2,C,B,4.31,True,False
B1_L40_in_ring,Chai-1,7.2,D,C,28.24,False,False
B1_L40_in_ring,Chai-1,7.3,m1,m2,3.84,True,True
B1_L40_in_ring,Chai-1,7.3,m2,D,3.76,True,True
B1_L40_in_ring,Chai-1,7.3,B,m1,4.19,True,False
B1_L40_in_ring,Chai-1,7.3,C,B,3.89,True,False
B1_L40_in_ring,Chai-1,7.3,D,C,3.99,True,False
B1_L40_in_ring,Chai-1,7.4,m1,C,3.35,True,True
B1_L40_in_ring,Chai-1,7.4,m2,m1,3.32,True,True
B1_L40_in_ring,Chai-1,7.4,B,D,4.09,True,False
B1_L40_in_ring,Chai-1,7.4,C,B,3.78,True,False
B1_L40_in_ring,Chai-1,7.4,D,m2,4.3,True,False
