series,N_deadseats,arrangement,seats,M2_engaged_max,M2_engaged_all3reps,linear_expect(5-N),deficit,handedness,best_radius_CV,best_radius,M1_sequential,mean_R146_A
E119Q,0,none,-,5,5/5/5,5,0,designed(k->k+1),0.00,25.6,YES,6.12
E119Q,1,single,1,5,5/5/5,4,-1,designed(k->k+1),0.00,25.8,YES,5.16
E119Q,2,adj,12,5,5/5/5,3,-2,designed(k->k+1),0.01,25.4,YES,4.65
E119Q,2,spaced,13,5,5/5/5,3,-2,designed(k->k+1),0.00,25.6,YES,5.54
E119Q,3,adj,123,5,5/5/5,2,-3,designed(k->k+1),0.00,25.2,YES,5.63
E119Q,3,spaced,135,5,5/5/5,2,-3,designed(k->k+1),0.00,25.5,YES,4.93
E119Q,4,only1,1234,5,5/5/5,1,-4,designed(k->k+1),0.00,25.7,YES,6.34
E119Q,5,all,12345,5,5/5/5,0,-5,designed(k->k+1),0.00,25.7,YES,4.27
R146A,0,none,-,5,5/5/5,5,0,designed(k->k+1),0.00,25.5,YES,5.61
R146A,1,single,1,4,4/4/4,4,0,designed(k->k+1),0.00,25.9,YES,6.41
R146A,2,adj,12,3,3/3/3,3,0,mirror(k->k-1),0.00,27.0,YES,5.49
R146A,2,spaced,13,3,3/3/3,3,0,designed(k->k+1),0.00,25.6,YES,5.27
R146A,3,adj,123,2,2/0/2,2,0,designed(k->k+1),0.00,26.2,YES,5.75
R146A,3,spaced,135,2,2/2/2,2,0,designed(k->k+1),0.00,25.6,YES,5.87
R146A,4,only1,1234,1,1/1/1,1,0,designed(k->k+1),0.00,26.0,YES,5.61
R146A,5,all,12345,0,0/0/0,0,0,designed(k->k+1),0.00,25.4,YES,
