rank,name,muts,pass_all,G1_M1,G2_M2,G3_M5,G4_soft,G5_biochem,biochem_note,power_score,coord_gain,force_gain,grip_gain,soft_retention,prs_ATP_NN_coupling,len_ATP_Y129_DNA,DNA_inward_total,breathing_top20,min_pore_radius,M5_pocket_rmsd_vs_wt,m2_engaged,Y129_betweenness_noisy,interSub_heavy_contacts_noisy,flag,beats_wt_coord,beats_wt_force,above_noise_coord,above_noise_force,rationale
0,cp233_WT,(reference),ref,,,,,,,0.0,,,,1.0,0.002062,4.7686,80,0.7667,8.21,0.0,,0.020258,787.2,,,,,,
1,de_M307W_K56F,M307W_K56F,True,True,True,True,True,True,tolerant:56,1.0558,0.001,0.03,0.0625,1.0489,0.002064,4.6257,85,0.8042,8.97,0.501,5,0.01079,565.8,,True,True,False,True,M307W background + K56F (biochem-tolerant second site)
2,de_M307W,M307W,True,True,True,True,True,True,untested,0.7733,0.0635,0.0347,-0.025,0.9827,0.002193,4.6032,78,0.7534,11.06,0.542,5,0.012416,832.2,background,True,True,False,True,round-1 winner = the fixed BACKGROUND
3,de_M307W_Q222F,M307W_Q222F,True,True,True,True,True,True,tolerant:222,0.6459,0.0291,0.0335,-0.0375,1.0115,0.002122,4.6087,77,0.7755,7.83,0.585,5,0.009835,713.6,,True,True,False,True,M307W background + Q222F (biochem-tolerant second site)
4,de_M307W_N128F,M307W_N128F,True,True,True,True,True,True,tolerant:128,0.535,-0.0373,0.0109,0.0125,1.0736,0.001985,4.7164,81,0.8231,10.4,0.259,5,0.022301,719.0,,False,True,False,False,M307W background + N128F (biochem-tolerant second site)
5,de_M307W_L289W,M307W_L289W,True,True,True,True,True,True,untested,0.4266,0.0548,0.019,-0.0625,0.9888,0.002175,4.6782,75,0.7581,10.91,0.518,5,0.014557,817.2,,True,True,False,True,M307W background + L289W (untested-rigidify second site)
6,de_M307W_V100W,M307W_V100W,True,True,True,True,True,True,untested,0.3675,0.0107,-0.0076,0.0,1.0322,0.002084,4.8048,80,0.7914,8.24,0.54,5,0.019937,739.2,,True,False,False,False,M307W background + V100W (untested-rigidify second site)
7,de_M307W_V100F,M307W_V100F,True,True,True,True,True,True,untested,0.1351,0.0407,0.0282,-0.1,0.9622,0.002146,4.6343,72,0.7377,11.09,0.594,5,0.01195,971.0,,True,True,False,True,M307W background + V100F (untested-rigidify second site)
8,de_M307W_N128W,M307W_N128W,True,True,True,True,True,True,tolerant:128,0.0875,-0.0553,0.001,0.0,1.0402,0.001948,4.764,80,0.7975,9.26,0.353,5,0.015627,869.0,,False,True,False,False,M307W background + N128W (biochem-tolerant second site)
9,de_M307W_S99W,M307W_S99W,True,True,True,True,True,True,tolerant:99,-0.0091,-0.0383,0.0112,0.0,0.9817,0.001983,4.7152,80,0.7527,7.38,0.537,5,0.019733,603.6,,False,True,False,False,M307W background + S99W (biochem-tolerant second site)
10,de_M307W_S127W,M307W_S127W,True,True,True,True,True,True,tolerant:127,-0.0894,0.0175,-0.0593,0.0625,0.9906,0.002098,5.0513,85,0.7595,8.49,0.369,5,0.009488,694.8,,True,False,False,True,M307W background + S127W (biochem-tolerant second site)
11,de_M307W_L289P,M307W_L289P,True,True,True,True,True,True,untested,-0.2696,-0.0116,-0.0016,-0.0625,0.9767,0.002038,4.7764,75,0.7488,11.04,0.575,5,0.014136,937.4,,False,False,False,False,M307W background + L289P (untested-rigidify second site)
12,de_M307W_Q222W,M307W_Q222W,True,True,True,True,True,True,tolerant:222,-0.273,-0.0495,-0.0141,0.0,0.9953,0.00196,4.8359,80,0.7631,7.56,0.466,5,0.019358,815.6,,False,False,False,False,M307W background + Q222W (biochem-tolerant second site)
13,de_M307W_S127F,M307W_S127F,True,True,True,True,True,True,tolerant:127,-0.2921,-0.0451,-0.0277,0.0625,0.9635,0.001969,4.9006,85,0.7387,10.93,0.7,5,0.008556,918.8,,False,False,False,True,M307W background + S127F (biochem-tolerant second site)
14,de_M307W_L289F,M307W_L289F,True,True,True,True,True,True,untested,-0.4676,-0.1115,0.0179,-0.05,1.0082,0.001832,4.6831,76,0.773,8.79,0.342,5,0.016592,767.2,,False,True,True,True,M307W background + L289F (untested-rigidify second site)
15,de_M307W_S99F,M307W_S99F,True,True,True,True,True,True,tolerant:99,-0.5631,-0.0344,-0.0152,-0.0625,0.9751,0.001991,4.8411,75,0.7476,8.08,0.55,5,0.010313,783.4,,False,False,False,True,M307W background + S99F (biochem-tolerant second site)
16,de_M307W_I130F,M307W_I130F,True,True,True,True,True,True,untested,-0.6447,-0.0815,-0.0021,-0.0625,0.9892,0.001894,4.7787,75,0.7584,8.39,0.348,5,0.014489,818.8,,False,False,True,False,M307W background + I130F (untested-rigidify second site)
17,de_M307W_K56W,M307W_K56W,True,True,True,True,True,True,tolerant:56,-1.4179,-0.064,-0.0641,-0.0125,0.9058,0.00193,5.0743,79,0.6945,6.44,0.592,5,0.014078,670.8,,False,False,True,True,M307W background + K56W (biochem-tolerant second site)
18,de_M307W_I130W,M307W_I130W,False,True,True,True,False,True,untested,GATED,0.0878,0.0122,0.0,0.4204,0.002243,4.7105,80,0.3223,8.19,0.593,5,0.020469,569.2,,True,True,True,False,M307W background + I130W (untested-rigidify second site)
19,de_M307W_S127Y,M307W_S127Y,False,True,True,True,False,True,tolerant:127,GATED,-0.0339,-0.0627,0.0625,0.5692,0.001992,5.0675,85,0.4364,8.23,0.358,5,0.011136,649.4,,False,False,False,True,M307W background + S127Y (biochem-tolerant second site)
