construct,nucleic,copy,native_resid,domain,radial_tip_A,inward,dist_to_NA_A
native_7JQQ,DNA,0,55,N,12.52,True,3.0
native_7JQQ,DNA,0,56,N,12.84,True,4.0
native_7JQQ,DNA,0,57,N,11.82,True,5.21
native_7JQQ,DNA,0,59,N,17.28,True,7.7
native_7JQQ,DNA,0,60,N,14.74,True,4.74
native_7JQQ,DNA,0,82,N,21.56,False,3.78
native_7JQQ,DNA,0,83,N,18.38,True,3.3
native_7JQQ,DNA,0,98,N,16.5,True,4.32
native_7JQQ,DNA,0,99,N,15.18,True,4.2
native_7JQQ,DNA,0,100,N,18.42,True,5.42
native_7JQQ,DNA,0,125,N,14.46,True,7.3
native_7JQQ,DNA,0,126,N,11.77,True,5.07
native_7JQQ,DNA,0,127,N,9.79,True,5.0
native_7JQQ,DNA,0,128,N,12.89,True,3.62
native_7JQQ,DNA,0,129,N,15.06,False,8.1
native_7JQQ,DNA,0,130,N,14.4,True,4.17
native_7JQQ,DNA,0,292,C,2.12,True,2.77
native_7JQQ,DNA,0,293,C,1.1,True,4.47
native_7JQQ,DNA,0,297,C,5.44,True,10.61
native_7JQQ,DNA,0,330,C,0.45,True,2.88
native_7JQQ,DNA,1,55,N,13.04,True,3.91
native_7JQQ,DNA,1,56,N,7.47,True,3.04
native_7JQQ,DNA,1,57,N,9.34,True,3.9
native_7JQQ,DNA,1,59,N,9.02,True,3.32
native_7JQQ,DNA,1,60,N,13.92,False,5.94
native_7JQQ,DNA,1,82,N,14.49,False,4.96
native_7JQQ,DNA,1,83,N,13.91,True,4.42
native_7JQQ,DNA,1,98,N,18.11,False,7.43
native_7JQQ,DNA,1,99,N,12.38,True,2.87
native_7JQQ,DNA,1,100,N,12.64,True,4.38
native_7JQQ,DNA,1,125,N,15.78,True,5.96
native_7JQQ,DNA,1,126,N,11.46,True,3.12
native_7JQQ,DNA,1,127,N,14.77,True,3.12
native_7JQQ,DNA,1,128,N,9.69,True,3.03
native_7JQQ,DNA,1,129,N,15.49,False,7.35
native_7JQQ,DNA,1,130,N,16.27,False,7.7
native_7JQQ,DNA,1,292,C,11.9,True,4.03
native_7JQQ,DNA,1,293,C,12.94,True,4.5
native_7JQQ,DNA,1,297,C,17.77,True,6.37
native_7JQQ,DNA,1,330,C,17.86,True,5.81
native_7JQQ,DNA,2,55,N,10.99,True,2.41
native_7JQQ,DNA,2,56,N,10.8,True,2.29
native_7JQQ,DNA,2,57,N,13.12,True,6.82
native_7JQQ,DNA,2,59,N,12.12,True,6.62
native_7JQQ,DNA,2,60,N,11.27,True,4.3
native_7JQQ,DNA,2,82,N,10.12,False,3.68
native_7JQQ,DNA,2,83,N,9.24,True,3.62
native_7JQQ,DNA,2,98,N,19.54,False,7.41
native_7JQQ,DNA,2,99,N,14.83,True,2.35
native_7JQQ,DNA,2,100,N,13.54,True,4.46
native_7JQQ,DNA,2,125,N,21.09,True,7.74
native_7JQQ,DNA,2,126,N,18.06,True,5.14
native_7JQQ,DNA,2,127,N,20.53,True,2.91
native_7JQQ,DNA,2,128,N,16.97,True,3.64
native_7JQQ,DNA,2,129,N,21.8,False,8.37
native_7JQQ,DNA,2,130,N,17.94,True,5.91
native_7JQQ,DNA,2,292,C,20.97,True,3.25
native_7JQQ,DNA,2,293,C,20.58,True,3.1
native_7JQQ,DNA,2,297,C,23.61,True,4.25
native_7JQQ,DNA,2,330,C,22.48,False,7.11
native_7JQQ,DNA,3,55,N,16.01,True,4.79
native_7JQQ,DNA,3,56,N,10.29,True,6.08
native_7JQQ,DNA,3,57,N,13.65,True,7.27
native_7JQQ,DNA,3,59,N,12.49,True,4.1
native_7JQQ,DNA,3,60,N,15.6,True,7.43
native_7JQQ,DNA,3,82,N,13.67,False,6.8
native_7JQQ,DNA,3,83,N,12.12,True,3.96
native_7JQQ,DNA,3,98,N,21.23,False,8.72
native_7JQQ,DNA,3,99,N,18.74,True,4.92
native_7JQQ,DNA,3,100,N,15.2,True,6.25
native_7JQQ,DNA,3,125,N,22.91,True,10.36
native_7JQQ,DNA,3,126,N,18.38,True,6.33
native_7JQQ,DNA,3,127,N,23.3,False,10.04
native_7JQQ,DNA,3,128,N,17.55,True,4.96
native_7JQQ,DNA,3,129,N,22.79,False,9.25
native_7JQQ,DNA,3,130,N,20.01,True,6.24
native_7JQQ,DNA,3,292,C,21.92,True,6.47
native_7JQQ,DNA,3,293,C,18.32,True,3.1
native_7JQQ,DNA,3,297,C,23.08,True,3.38
native_7JQQ,DNA,3,330,C,15.89,True,3.35
native_7JQQ,DNA,4,55,N,12.0,True,2.7
native_7JQQ,DNA,4,56,N,13.07,True,3.35
native_7JQQ,DNA,4,57,N,15.95,True,4.82
native_7JQQ,DNA,4,59,N,19.13,True,8.48
native_7JQQ,DNA,4,60,N,21.2,True,10.74
native_7JQQ,DNA,4,82,N,22.48,False,14.32
native_7JQQ,DNA,4,83,N,22.95,True,13.57
native_7JQQ,DNA,4,98,N,19.68,False,8.49
native_7JQQ,DNA,4,99,N,14.68,True,3.69
native_7JQQ,DNA,4,100,N,14.94,True,3.7
native_7JQQ,DNA,4,125,N,13.95,True,2.99
native_7JQQ,DNA,4,126,N,10.68,True,2.81
native_7JQQ,DNA,4,127,N,14.76,True,8.03
native_7JQQ,DNA,4,128,N,12.05,True,2.86
native_7JQQ,DNA,4,129,N,10.83,True,3.16
native_7JQQ,DNA,4,130,N,15.47,False,7.82
native_7JQQ,DNA,4,292,C,16.43,True,6.39
native_7JQQ,DNA,4,293,C,11.36,True,3.99
native_7JQQ,DNA,4,297,C,14.06,True,7.66
native_7JQQ,DNA,4,330,C,7.16,True,2.71
native_7JQQ,pRNA,0,10,N,44.6,False,2.67
native_7JQQ,pRNA,0,11,N,44.38,True,5.55
native_7JQQ,pRNA,0,13,N,41.92,True,3.17
native_7JQQ,pRNA,0,14,N,46.16,False,3.1
native_7JQQ,pRNA,0,15,N,44.46,True,3.44
native_7JQQ,pRNA,0,16,N,43.88,False,2.55
native_7JQQ,pRNA,0,17,N,40.08,True,2.43
native_7JQQ,pRNA,0,37,N,38.18,True,3.0
native_7JQQ,pRNA,0,40,N,40.83,False,5.62
native_7JQQ,pRNA,0,41,N,39.92,True,3.5
native_7JQQ,pRNA,0,44,N,44.55,False,5.57
native_7JQQ,pRNA,0,45,N,41.71,True,7.3
native_7JQQ,pRNA,0,148,N,42.71,False,3.56
native_7JQQ,pRNA,0,149,N,42.83,False,3.77
native_7JQQ,pRNA,0,150,N,40.24,True,8.02
native_7JQQ,pRNA,0,152,N,37.69,False,4.41
native_7JQQ,pRNA,0,182,N,40.63,False,4.69
native_7JQQ,pRNA,0,237,C,31.8,True,3.0
native_7JQQ,pRNA,0,238,C,26.37,True,6.37
native_7JQQ,pRNA,0,239,C,26.85,True,2.88
native_7JQQ,pRNA,0,240,C,23.85,True,6.28
native_7JQQ,pRNA,0,254,C,24.05,False,4.53
native_7JQQ,pRNA,0,267,C,27.76,False,4.82
native_7JQQ,pRNA,0,268,C,28.16,False,3.77
native_7JQQ,pRNA,0,269,C,28.3,True,2.19
native_7JQQ,pRNA,0,270,C,28.91,False,3.14
native_7JQQ,pRNA,0,271,C,24.34,True,4.59
native_7JQQ,pRNA,0,272,C,24.96,False,3.21
native_7JQQ,pRNA,0,273,C,20.54,True,4.02
native_7JQQ,pRNA,1,10,N,42.0,False,4.1
native_7JQQ,pRNA,1,11,N,44.66,False,2.71
native_7JQQ,pRNA,1,13,N,38.09,True,3.81
native_7JQQ,pRNA,1,14,N,44.9,False,3.25
native_7JQQ,pRNA,1,15,N,44.4,True,3.18
native_7JQQ,pRNA,1,16,N,41.67,True,3.43
native_7JQQ,pRNA,1,17,N,40.46,False,3.86
native_7JQQ,pRNA,1,37,N,34.07,False,3.18
native_7JQQ,pRNA,1,40,N,34.91,False,4.22
native_7JQQ,pRNA,1,41,N,35.19,True,3.09
native_7JQQ,pRNA,1,44,N,37.95,False,3.45
native_7JQQ,pRNA,1,45,N,38.04,False,3.23
native_7JQQ,pRNA,1,148,N,37.41,True,10.97
native_7JQQ,pRNA,1,149,N,37.13,True,5.76
native_7JQQ,pRNA,1,150,N,38.97,False,2.66
native_7JQQ,pRNA,1,152,N,35.18,False,4.52
native_7JQQ,pRNA,1,182,N,43.56,False,5.51
native_7JQQ,pRNA,1,237,C,43.25,True,2.73
native_7JQQ,pRNA,1,238,C,39.07,True,5.73
native_7JQQ,pRNA,1,239,C,39.33,True,3.51
native_7JQQ,pRNA,1,240,C,33.01,True,5.36
native_7JQQ,pRNA,1,254,C,35.19,False,3.91
native_7JQQ,pRNA,1,267,C,35.99,False,5.29
native_7JQQ,pRNA,1,268,C,30.95,True,6.18
native_7JQQ,pRNA,1,269,C,35.33,True,3.47
native_7JQQ,pRNA,1,270,C,35.44,False,3.55
native_7JQQ,pRNA,1,271,C,33.74,False,4.47
native_7JQQ,pRNA,1,272,C,31.17,False,3.02
native_7JQQ,pRNA,1,273,C,29.15,False,5.36
native_7JQQ,pRNA,2,10,N,43.38,False,2.68
native_7JQQ,pRNA,2,11,N,45.36,False,3.23
native_7JQQ,pRNA,2,13,N,39.27,True,3.63
native_7JQQ,pRNA,2,14,N,45.71,False,3.09
native_7JQQ,pRNA,2,15,N,45.43,True,3.43
native_7JQQ,pRNA,2,16,N,39.96,True,2.53
native_7JQQ,pRNA,2,17,N,41.02,False,4.64
native_7JQQ,pRNA,2,37,N,32.15,False,3.69
native_7JQQ,pRNA,2,40,N,32.04,False,4.87
native_7JQQ,pRNA,2,41,N,31.89,True,3.51
native_7JQQ,pRNA,2,44,N,31.77,True,5.62
native_7JQQ,pRNA,2,45,N,32.18,False,6.03
native_7JQQ,pRNA,2,148,N,37.77,False,8.32
native_7JQQ,pRNA,2,149,N,35.65,True,8.27
native_7JQQ,pRNA,2,150,N,36.89,True,2.35
native_7JQQ,pRNA,2,152,N,34.26,False,5.44
native_7JQQ,pRNA,2,182,N,45.77,False,7.56
native_7JQQ,pRNA,2,237,C,52.99,False,3.21
native_7JQQ,pRNA,2,238,C,49.98,True,6.89
native_7JQQ,pRNA,2,239,C,48.92,False,2.29
native_7JQQ,pRNA,2,240,C,44.75,True,4.62
native_7JQQ,pRNA,2,254,C,44.77,False,4.67
native_7JQQ,pRNA,2,267,C,45.85,False,5.28
native_7JQQ,pRNA,2,268,C,42.95,True,6.7
native_7JQQ,pRNA,2,269,C,45.89,True,4.05
native_7JQQ,pRNA,2,270,C,46.84,False,3.25
native_7JQQ,pRNA,2,271,C,46.26,False,4.61
native_7JQQ,pRNA,2,272,C,44.45,False,2.53
native_7JQQ,pRNA,2,273,C,42.27,True,4.33
native_7JQQ,pRNA,3,10,N,44.3,False,2.59
native_7JQQ,pRNA,3,11,N,45.9,False,4.93
native_7JQQ,pRNA,3,13,N,39.93,True,3.45
native_7JQQ,pRNA,3,14,N,46.88,False,3.28
native_7JQQ,pRNA,3,15,N,46.94,True,3.21
native_7JQQ,pRNA,3,16,N,44.19,False,3.09
native_7JQQ,pRNA,3,17,N,43.53,False,2.86
native_7JQQ,pRNA,3,37,N,35.07,True,4.37
native_7JQQ,pRNA,3,40,N,34.19,False,5.84
native_7JQQ,pRNA,3,41,N,35.15,False,2.74
native_7JQQ,pRNA,3,44,N,35.66,False,2.3
native_7JQQ,pRNA,3,45,N,35.15,False,3.47
native_7JQQ,pRNA,3,148,N,39.12,True,12.1
native_7JQQ,pRNA,3,149,N,39.98,True,6.54
native_7JQQ,pRNA,3,150,N,39.46,False,4.08
native_7JQQ,pRNA,3,152,N,36.23,False,4.15
native_7JQQ,pRNA,3,182,N,47.46,False,5.13
native_7JQQ,pRNA,3,237,C,51.49,False,4.09
native_7JQQ,pRNA,3,238,C,48.05,True,6.95
native_7JQQ,pRNA,3,239,C,48.9,False,2.44
native_7JQQ,pRNA,3,240,C,44.83,True,6.32
native_7JQQ,pRNA,3,254,C,43.53,False,4.04
native_7JQQ,pRNA,3,267,C,46.44,False,3.99
native_7JQQ,pRNA,3,268,C,43.96,True,6.09
native_7JQQ,pRNA,3,269,C,48.73,False,2.58
native_7JQQ,pRNA,3,270,C,48.38,False,5.18
native_7JQQ,pRNA,3,271,C,49.49,False,3.23
native_7JQQ,pRNA,3,272,C,48.48,False,3.42
native_7JQQ,pRNA,3,273,C,40.37,True,5.31
native_7JQQ,pRNA,4,10,N,45.65,False,2.31
native_7JQQ,pRNA,4,11,N,46.14,False,5.37
native_7JQQ,pRNA,4,13,N,40.96,True,5.1
native_7JQQ,pRNA,4,14,N,46.58,False,2.14
native_7JQQ,pRNA,4,15,N,44.42,True,3.08
native_7JQQ,pRNA,4,16,N,44.82,False,2.94
native_7JQQ,pRNA,4,17,N,41.38,True,2.19
native_7JQQ,pRNA,4,37,N,41.14,False,2.46
native_7JQQ,pRNA,4,40,N,41.96,False,7.73
native_7JQQ,pRNA,4,41,N,39.32,True,6.66
native_7JQQ,pRNA,4,44,N,44.96,False,7.43
native_7JQQ,pRNA,4,45,N,44.24,False,8.33
native_7JQQ,pRNA,4,148,N,35.72,True,11.9
native_7JQQ,pRNA,4,149,N,42.84,False,4.93
native_7JQQ,pRNA,4,150,N,41.99,False,2.69
native_7JQQ,pRNA,4,152,N,36.97,False,3.62
native_7JQQ,pRNA,4,182,N,41.12,False,3.92
native_7JQQ,pRNA,4,237,C,38.8,True,3.62
native_7JQQ,pRNA,4,238,C,37.14,True,5.25
native_7JQQ,pRNA,4,239,C,35.89,True,4.25
native_7JQQ,pRNA,4,240,C,33.46,False,3.07
native_7JQQ,pRNA,4,254,C,31.29,False,3.75
native_7JQQ,pRNA,4,267,C,34.9,True,5.58
native_7JQQ,pRNA,4,268,C,36.58,False,5.72
native_7JQQ,pRNA,4,269,C,35.19,True,4.14
native_7JQQ,pRNA,4,270,C,40.53,False,3.17
native_7JQQ,pRNA,4,271,C,38.23,True,3.18
native_7JQQ,pRNA,4,272,C,36.34,True,6.55
native_7JQQ,pRNA,4,273,C,33.73,True,4.58
A_apo,DNA,0,55,N,12.46,True,4.13
A_apo,DNA,0,56,N,8.03,True,4.18
A_apo,DNA,0,57,N,9.42,True,3.69
A_apo,DNA,0,59,N,13.77,True,9.38
A_apo,DNA,0,60,N,11.22,True,7.02
A_apo,DNA,0,82,N,10.48,False,3.82
A_apo,DNA,0,83,N,9.87,True,6.9
A_apo,DNA,0,98,N,17.76,False,8.07
A_apo,DNA,0,99,N,12.87,True,3.06
A_apo,DNA,0,100,N,12.24,True,4.21
A_apo,DNA,0,125,N,16.92,True,6.73
A_apo,DNA,0,126,N,11.85,True,2.1
A_apo,DNA,0,127,N,13.18,True,3.33
A_apo,DNA,0,128,N,14.73,True,5.11
A_apo,DNA,0,129,N,17.75,False,9.73
A_apo,DNA,0,130,N,16.33,True,7.63
A_apo,DNA,0,292,C,9.83,True,5.22
A_apo,DNA,0,293,C,14.05,True,6.74
A_apo,DNA,0,297,C,19.89,False,13.57
A_apo,DNA,0,330,C,7.93,True,0.63
A_apo,DNA,1,55,N,12.37,True,4.32
A_apo,DNA,1,56,N,7.83,True,4.63
A_apo,DNA,1,57,N,9.49,True,4.31
A_apo,DNA,1,59,N,13.84,True,11.02
A_apo,DNA,1,60,N,11.44,True,8.13
A_apo,DNA,1,82,N,10.55,False,3.72
A_apo,DNA,1,83,N,9.79,True,7.41
A_apo,DNA,1,98,N,17.62,False,9.21
A_apo,DNA,1,99,N,12.72,True,4.37
A_apo,DNA,1,100,N,12.02,True,5.66
A_apo,DNA,1,125,N,16.89,True,7.19
A_apo,DNA,1,126,N,11.87,True,2.05
A_apo,DNA,1,127,N,13.16,True,3.78
A_apo,DNA,1,128,N,14.59,True,6.77
A_apo,DNA,1,129,N,17.58,False,9.98
A_apo,DNA,1,130,N,16.15,True,6.68
A_apo,DNA,1,292,C,9.7,True,3.09
A_apo,DNA,1,293,C,13.76,True,6.35
A_apo,DNA,1,297,C,19.71,True,14.51
A_apo,DNA,1,330,C,7.69,True,3.77
A_apo,DNA,2,55,N,12.42,True,4.22
A_apo,DNA,2,56,N,7.9,True,3.61
A_apo,DNA,2,57,N,9.4,True,4.3
A_apo,DNA,2,59,N,13.69,True,9.4
A_apo,DNA,2,60,N,11.2,True,10.55
A_apo,DNA,2,82,N,10.32,False,13.24
A_apo,DNA,2,83,N,9.73,True,7.32
A_apo,DNA,2,98,N,17.69,False,9.02
A_apo,DNA,2,99,N,12.8,True,4.09
A_apo,DNA,2,100,N,12.17,True,4.94
A_apo,DNA,2,125,N,16.87,True,6.3
A_apo,DNA,2,126,N,11.81,True,2.3
A_apo,DNA,2,127,N,13.15,True,2.33
A_apo,DNA,2,128,N,14.75,True,6.31
A_apo,DNA,2,129,N,17.74,False,8.93
A_apo,DNA,2,130,N,16.3,True,8.69
A_apo,DNA,2,292,C,10.02,True,6.26
A_apo,DNA,2,293,C,14.09,True,9.55
A_apo,DNA,2,297,C,20.06,False,14.0
A_apo,DNA,2,330,C,8.1,True,0.7
A_apo,DNA,3,55,N,12.43,True,6.15
A_apo,DNA,3,56,N,7.91,True,6.44
A_apo,DNA,3,57,N,9.54,True,7.17
A_apo,DNA,3,59,N,13.89,True,9.03
A_apo,DNA,3,60,N,11.46,True,7.04
A_apo,DNA,3,82,N,10.61,False,5.97
A_apo,DNA,3,83,N,9.87,True,6.16
A_apo,DNA,3,98,N,17.67,False,10.07
A_apo,DNA,3,99,N,12.77,True,5.51
A_apo,DNA,3,100,N,12.07,True,5.61
A_apo,DNA,3,125,N,16.92,True,9.55
A_apo,DNA,3,126,N,11.9,True,6.57
A_apo,DNA,3,127,N,13.16,True,5.65
A_apo,DNA,3,128,N,14.66,True,7.88
A_apo,DNA,3,129,N,17.65,False,10.27
A_apo,DNA,3,130,N,16.21,True,7.86
A_apo,DNA,3,292,C,9.73,True,2.91
A_apo,DNA,3,293,C,13.86,True,7.78
A_apo,DNA,3,297,C,19.75,False,12.29
A_apo,DNA,3,330,C,7.77,True,5.02
A_apo,DNA,4,55,N,12.35,True,4.64
A_apo,DNA,4,56,N,7.8,True,4.12
A_apo,DNA,4,57,N,9.39,True,4.65
A_apo,DNA,4,59,N,13.71,True,9.39
A_apo,DNA,4,60,N,11.28,True,6.75
A_apo,DNA,4,82,N,10.37,False,4.29
A_apo,DNA,4,83,N,9.72,True,6.72
A_apo,DNA,4,98,N,17.59,False,8.53
A_apo,DNA,4,99,N,12.7,True,3.52
A_apo,DNA,4,100,N,12.01,True,4.51
A_apo,DNA,4,125,N,16.83,True,7.76
A_apo,DNA,4,126,N,11.76,True,2.35
A_apo,DNA,4,127,N,13.11,True,3.7
A_apo,DNA,4,128,N,14.64,True,4.58
A_apo,DNA,4,129,N,17.64,False,9.34
A_apo,DNA,4,130,N,16.22,True,8.07
A_apo,DNA,4,292,C,9.86,True,3.22
A_apo,DNA,4,293,C,13.9,True,6.09
A_apo,DNA,4,297,C,19.78,False,13.45
A_apo,DNA,4,330,C,7.91,True,3.44
A_apo,pRNA,0,10,N,38.34,True,2.71
A_apo,pRNA,0,11,N,42.4,False,3.04
A_apo,pRNA,0,13,N,35.87,True,3.78
A_apo,pRNA,0,14,N,42.53,False,3.56
A_apo,pRNA,0,15,N,41.9,True,4.95
A_apo,pRNA,0,16,N,39.97,True,3.54
A_apo,pRNA,0,17,N,38.45,True,4.97
A_apo,pRNA,0,37,N,31.87,False,3.11
A_apo,pRNA,0,40,N,31.53,False,5.62
A_apo,pRNA,0,41,N,31.79,True,1.57
A_apo,pRNA,0,44,N,33.2,False,3.17
A_apo,pRNA,0,45,N,33.07,False,4.33
A_apo,pRNA,0,148,N,30.08,True,9.14
A_apo,pRNA,0,149,N,38.29,False,5.7
A_apo,pRNA,0,150,N,37.04,False,1.12
A_apo,pRNA,0,152,N,32.94,False,3.56
A_apo,pRNA,0,182,N,42.31,False,6.49
A_apo,pRNA,0,237,C,41.15,False,5.89
A_apo,pRNA,0,238,C,37.06,True,5.72
A_apo,pRNA,0,239,C,36.06,True,4.53
A_apo,pRNA,0,240,C,32.92,True,5.72
A_apo,pRNA,0,254,C,32.99,False,3.21
A_apo,pRNA,0,267,C,37.38,False,5.13
A_apo,pRNA,0,268,C,34.61,True,5.44
A_apo,pRNA,0,269,C,36.48,True,3.83
A_apo,pRNA,0,270,C,37.36,False,3.79
A_apo,pRNA,0,271,C,37.45,False,3.55
A_apo,pRNA,0,272,C,32.08,True,4.83
A_apo,pRNA,0,273,C,31.41,False,2.58
A_apo,pRNA,1,10,N,38.51,True,0.5
A_apo,pRNA,1,11,N,42.47,False,3.88
A_apo,pRNA,1,13,N,35.92,True,3.53
A_apo,pRNA,1,14,N,42.57,False,2.84
A_apo,pRNA,1,15,N,41.85,True,3.21
A_apo,pRNA,1,16,N,39.95,True,3.19
A_apo,pRNA,1,17,N,38.35,True,2.42
A_apo,pRNA,1,37,N,32.01,False,3.23
A_apo,pRNA,1,40,N,31.68,False,6.46
A_apo,pRNA,1,41,N,31.86,True,1.79
A_apo,pRNA,1,44,N,33.31,False,5.31
A_apo,pRNA,1,45,N,33.13,False,4.28
A_apo,pRNA,1,148,N,29.94,True,10.37
A_apo,pRNA,1,149,N,38.14,False,5.34
A_apo,pRNA,1,150,N,36.95,False,1.59
A_apo,pRNA,1,152,N,32.86,False,3.0
A_apo,pRNA,1,182,N,42.18,False,4.75
A_apo,pRNA,1,237,C,40.91,False,6.76
A_apo,pRNA,1,238,C,36.82,True,7.18
A_apo,pRNA,1,239,C,35.86,True,6.07
A_apo,pRNA,1,240,C,32.74,True,6.9
A_apo,pRNA,1,254,C,32.75,False,4.4
A_apo,pRNA,1,267,C,37.14,False,5.14
A_apo,pRNA,1,268,C,34.41,True,6.32
A_apo,pRNA,1,269,C,36.31,True,3.75
A_apo,pRNA,1,270,C,37.21,False,4.93
A_apo,pRNA,1,271,C,37.34,False,3.76
A_apo,pRNA,1,272,C,31.94,True,4.97
A_apo,pRNA,1,273,C,31.34,False,2.78
A_apo,pRNA,2,10,N,38.25,True,3.23
A_apo,pRNA,2,11,N,42.31,False,3.31
A_apo,pRNA,2,13,N,35.77,True,5.31
A_apo,pRNA,2,14,N,42.43,False,4.21
A_apo,pRNA,2,15,N,41.82,True,3.27
A_apo,pRNA,2,16,N,39.86,True,2.84
A_apo,pRNA,2,17,N,38.37,True,5.13
A_apo,pRNA,2,37,N,31.77,False,3.95
A_apo,pRNA,2,40,N,31.37,False,6.15
A_apo,pRNA,2,41,N,31.63,True,4.07
A_apo,pRNA,2,44,N,32.98,False,3.73
A_apo,pRNA,2,45,N,32.85,False,4.86
A_apo,pRNA,2,148,N,29.93,True,11.78
A_apo,pRNA,2,149,N,38.15,False,8.29
A_apo,pRNA,2,150,N,36.91,False,3.49
A_apo,pRNA,2,152,N,32.83,False,4.94
A_apo,pRNA,2,182,N,42.25,False,4.57
A_apo,pRNA,2,237,C,41.26,False,5.7
A_apo,pRNA,2,238,C,37.16,True,6.02
A_apo,pRNA,2,239,C,36.22,True,4.93
A_apo,pRNA,2,240,C,33.11,True,5.43
A_apo,pRNA,2,254,C,33.09,False,3.29
A_apo,pRNA,2,267,C,37.49,False,4.77
A_apo,pRNA,2,268,C,34.77,True,5.67
A_apo,pRNA,2,269,C,36.68,True,3.41
A_apo,pRNA,2,270,C,37.58,False,3.96
A_apo,pRNA,2,271,C,37.7,False,3.44
A_apo,pRNA,2,272,C,32.29,True,6.05
A_apo,pRNA,2,273,C,31.69,False,1.52
A_apo,pRNA,3,10,N,38.49,True,0.54
A_apo,pRNA,3,11,N,42.48,False,2.93
A_apo,pRNA,3,13,N,35.91,True,3.59
A_apo,pRNA,3,14,N,42.57,False,2.45
A_apo,pRNA,3,15,N,41.88,True,3.66
A_apo,pRNA,3,16,N,39.93,True,3.59
A_apo,pRNA,3,17,N,38.39,True,3.64
A_apo,pRNA,3,37,N,32.04,False,3.71
A_apo,pRNA,3,40,N,31.74,False,5.48
A_apo,pRNA,3,41,N,31.89,True,3.81
A_apo,pRNA,3,44,N,33.37,False,3.16
A_apo,pRNA,3,45,N,33.15,False,5.56
A_apo,pRNA,3,148,N,29.98,True,13.38
A_apo,pRNA,3,149,N,38.18,False,9.21
A_apo,pRNA,3,150,N,36.99,False,4.37
A_apo,pRNA,3,152,N,32.9,False,3.92
A_apo,pRNA,3,182,N,42.23,False,4.56
A_apo,pRNA,3,237,C,40.92,True,6.99
A_apo,pRNA,3,238,C,36.86,True,7.07
A_apo,pRNA,3,239,C,35.87,True,3.46
A_apo,pRNA,3,240,C,32.78,True,6.67
A_apo,pRNA,3,254,C,32.8,False,4.33
A_apo,pRNA,3,267,C,37.22,False,4.72
A_apo,pRNA,3,268,C,34.47,True,6.11
A_apo,pRNA,3,269,C,36.36,True,4.2
A_apo,pRNA,3,270,C,37.26,False,4.62
A_apo,pRNA,3,271,C,37.38,False,3.85
A_apo,pRNA,3,272,C,31.99,True,5.99
A_apo,pRNA,3,273,C,31.37,False,3.68
A_apo,pRNA,4,10,N,38.38,True,1.28
A_apo,pRNA,4,11,N,42.39,False,3.42
A_apo,pRNA,4,13,N,35.82,True,4.34
A_apo,pRNA,4,14,N,42.47,False,2.39
A_apo,pRNA,4,15,N,41.82,True,4.89
A_apo,pRNA,4,16,N,39.85,True,3.78
A_apo,pRNA,4,17,N,38.34,True,4.78
A_apo,pRNA,4,37,N,31.86,False,4.27
A_apo,pRNA,4,40,N,31.46,False,5.76
A_apo,pRNA,4,41,N,31.66,True,2.98
A_apo,pRNA,4,44,N,33.01,False,2.93
A_apo,pRNA,4,45,N,32.82,False,5.62
A_apo,pRNA,4,148,N,29.8,True,13.32
A_apo,pRNA,4,149,N,38.03,False,9.05
A_apo,pRNA,4,150,N,36.81,False,3.51
A_apo,pRNA,4,152,N,32.78,False,3.38
A_apo,pRNA,4,182,N,42.22,False,6.72
A_apo,pRNA,4,237,C,40.96,False,6.97
A_apo,pRNA,4,238,C,36.89,True,7.2
A_apo,pRNA,4,239,C,35.9,True,4.74
A_apo,pRNA,4,240,C,32.88,True,5.89
A_apo,pRNA,4,254,C,32.85,False,3.77
A_apo,pRNA,4,267,C,37.35,False,5.05
A_apo,pRNA,4,268,C,34.62,True,5.82
A_apo,pRNA,4,269,C,36.46,True,3.23
A_apo,pRNA,4,270,C,37.42,False,3.68
A_apo,pRNA,4,271,C,37.5,False,3.6
A_apo,pRNA,4,272,C,32.08,True,5.1
A_apo,pRNA,4,273,C,31.48,False,1.83
cp233,DNA,0,55,N,13.46,True,4.48
cp233,DNA,0,56,N,9.13,True,4.12
cp233,DNA,0,57,N,11.26,True,4.8
cp233,DNA,0,59,N,16.84,False,9.45
cp233,DNA,0,60,N,13.76,True,6.73
cp233,DNA,0,82,N,15.32,False,4.21
cp233,DNA,0,83,N,13.39,True,6.87
cp233,DNA,0,98,N,19.26,False,8.39
cp233,DNA,0,99,N,14.16,True,3.36
cp233,DNA,0,100,N,13.45,True,3.92
cp233,DNA,0,125,N,18.4,True,8.98
cp233,DNA,0,126,N,13.12,True,2.67
cp233,DNA,0,127,N,15.66,False,6.16
cp233,DNA,0,128,N,12.2,True,4.37
cp233,DNA,0,129,N,17.71,False,9.17
cp233,DNA,0,130,N,16.59,False,7.97
cp233,DNA,0,292,C,11.45,True,4.02
cp233,DNA,0,293,C,14.27,True,6.47
cp233,DNA,0,297,C,20.84,False,13.36
cp233,DNA,0,330,C,12.14,True,7.53
cp233,DNA,1,55,N,13.22,True,4.05
cp233,DNA,1,56,N,8.86,True,4.14
cp233,DNA,1,57,N,10.8,True,3.7
cp233,DNA,1,59,N,16.29,False,9.4
cp233,DNA,1,60,N,13.18,True,6.96
cp233,DNA,1,82,N,14.69,False,3.71
cp233,DNA,1,83,N,13.01,True,6.77
cp233,DNA,1,98,N,19.03,False,7.91
cp233,DNA,1,99,N,13.96,True,2.93
cp233,DNA,1,100,N,13.36,True,3.76
cp233,DNA,1,125,N,18.2,True,8.07
cp233,DNA,1,126,N,13.17,True,3.51
cp233,DNA,1,127,N,15.39,False,5.87
cp233,DNA,1,128,N,12.09,True,4.45
cp233,DNA,1,129,N,17.55,False,9.62
cp233,DNA,1,130,N,16.45,False,7.52
cp233,DNA,1,292,C,10.74,True,5.82
cp233,DNA,1,293,C,14.78,True,6.69
cp233,DNA,1,297,C,20.61,False,13.57
cp233,DNA,1,330,C,12.79,False,4.92
cp233,DNA,2,55,N,13.51,True,4.51
cp233,DNA,2,56,N,9.3,True,5.64
cp233,DNA,2,57,N,11.24,True,4.28
cp233,DNA,2,59,N,16.82,False,11.1
cp233,DNA,2,60,N,13.71,True,8.08
cp233,DNA,2,82,N,15.35,False,3.66
cp233,DNA,2,83,N,13.48,True,7.43
cp233,DNA,2,98,N,19.33,False,9.03
cp233,DNA,2,99,N,14.25,True,4.2
cp233,DNA,2,100,N,13.57,True,5.15
cp233,DNA,2,125,N,18.23,True,8.43
cp233,DNA,2,126,N,12.79,True,2.97
cp233,DNA,2,127,N,15.47,False,6.27
cp233,DNA,2,128,N,12.16,True,5.49
cp233,DNA,2,129,N,17.68,False,10.34
cp233,DNA,2,130,N,16.6,False,6.62
cp233,DNA,2,292,C,10.43,True,3.6
cp233,DNA,2,293,C,14.24,True,6.56
cp233,DNA,2,297,C,20.36,False,14.6
cp233,DNA,2,330,C,11.98,False,5.44
cp233,DNA,3,55,N,13.33,True,4.01
cp233,DNA,3,56,N,9.08,True,3.6
cp233,DNA,3,57,N,11.23,True,4.38
cp233,DNA,3,59,N,16.78,True,9.46
cp233,DNA,3,60,N,13.79,True,10.6
cp233,DNA,3,82,N,15.3,False,13.16
cp233,DNA,3,83,N,13.26,True,7.21
cp233,DNA,3,98,N,19.1,False,8.84
cp233,DNA,3,99,N,14.04,True,3.87
cp233,DNA,3,100,N,13.29,True,4.26
cp233,DNA,3,125,N,18.47,True,7.47
cp233,DNA,3,126,N,12.92,True,2.16
cp233,DNA,3,127,N,15.65,False,4.53
cp233,DNA,3,128,N,12.12,True,4.7
cp233,DNA,3,129,N,17.54,False,8.98
cp233,DNA,3,130,N,16.36,False,8.39
cp233,DNA,3,292,C,9.92,True,6.06
cp233,DNA,3,293,C,13.83,True,9.18
cp233,DNA,3,297,C,19.57,False,14.12
cp233,DNA,3,330,C,11.92,False,5.02
cp233,DNA,4,55,N,13.38,True,5.93
cp233,DNA,4,56,N,9.17,True,6.28
cp233,DNA,4,57,N,11.14,True,7.41
cp233,DNA,4,59,N,16.66,True,9.02
cp233,DNA,4,60,N,13.59,True,7.06
cp233,DNA,4,82,N,15.2,False,5.98
cp233,DNA,4,83,N,14.5,True,6.83
cp233,DNA,4,98,N,19.19,False,9.87
cp233,DNA,4,99,N,14.13,True,5.51
cp233,DNA,4,100,N,13.48,True,5.07
cp233,DNA,4,125,N,18.29,True,10.57
cp233,DNA,4,126,N,12.51,True,7.28
cp233,DNA,4,127,N,15.52,False,7.5
cp233,DNA,4,128,N,12.16,True,6.66
cp233,DNA,4,129,N,17.63,False,10.43
cp233,DNA,4,130,N,16.54,False,8.01
cp233,DNA,4,292,C,9.94,True,2.71
cp233,DNA,4,293,C,13.36,True,8.12
cp233,DNA,4,297,C,19.38,False,12.35
cp233,DNA,4,330,C,11.65,False,6.13
cp233,pRNA,0,10,N,43.11,True,1.39
cp233,pRNA,0,11,N,45.09,False,3.02
cp233,pRNA,0,13,N,39.26,True,4.22
cp233,pRNA,0,14,N,45.64,False,2.22
cp233,pRNA,0,15,N,43.98,True,4.54
cp233,pRNA,0,16,N,42.55,True,3.79
cp233,pRNA,0,17,N,40.13,True,4.84
cp233,pRNA,0,37,N,36.06,True,4.66
cp233,pRNA,0,40,N,36.85,False,5.73
cp233,pRNA,0,41,N,36.65,True,2.92
cp233,pRNA,0,44,N,39.42,False,4.1
cp233,pRNA,0,45,N,39.07,False,4.99
cp233,pRNA,0,148,N,33.62,True,13.52
cp233,pRNA,0,149,N,41.23,False,9.38
cp233,pRNA,0,150,N,40.33,False,4.2
cp233,pRNA,0,152,N,35.51,False,3.67
cp233,pRNA,0,182,N,42.71,False,6.52
cp233,pRNA,0,237,C,41.0,True,7.68
cp233,pRNA,0,238,C,37.32,True,7.14
cp233,pRNA,0,239,C,36.65,True,3.89
cp233,pRNA,0,240,C,33.95,True,5.77
cp233,pRNA,0,254,C,33.27,False,3.7
cp233,pRNA,0,267,C,37.75,False,4.99
cp233,pRNA,0,268,C,35.2,True,6.23
cp233,pRNA,0,269,C,37.64,True,3.59
cp233,pRNA,0,270,C,38.32,False,3.8
cp233,pRNA,0,271,C,38.86,False,3.77
cp233,pRNA,0,272,C,33.45,True,5.41
cp233,pRNA,0,273,C,33.09,False,1.42
cp233,pRNA,1,10,N,42.55,True,2.91
cp233,pRNA,1,11,N,44.71,False,4.53
cp233,pRNA,1,13,N,38.8,True,3.71
cp233,pRNA,1,14,N,45.24,False,3.24
cp233,pRNA,1,15,N,43.69,True,4.83
cp233,pRNA,1,16,N,42.23,True,3.13
cp233,pRNA,1,17,N,39.91,True,4.62
cp233,pRNA,1,37,N,35.54,False,3.18
cp233,pRNA,1,40,N,36.2,False,5.75
cp233,pRNA,1,41,N,36.12,True,1.48
cp233,pRNA,1,44,N,38.76,False,2.74
cp233,pRNA,1,45,N,38.49,False,3.94
cp233,pRNA,1,148,N,33.4,True,9.3
cp233,pRNA,1,149,N,41.06,False,6.04
cp233,pRNA,1,150,N,40.1,False,2.48
cp233,pRNA,1,152,N,35.25,False,3.04
cp233,pRNA,1,182,N,42.56,False,6.38
cp233,pRNA,1,237,C,41.6,False,6.64
cp233,pRNA,1,238,C,37.88,True,5.58
cp233,pRNA,1,239,C,36.84,True,3.73
cp233,pRNA,1,240,C,33.61,True,5.62
cp233,pRNA,1,254,C,33.56,False,3.37
cp233,pRNA,1,267,C,37.77,False,4.98
cp233,pRNA,1,268,C,34.97,True,5.63
cp233,pRNA,1,269,C,37.21,True,3.95
cp233,pRNA,1,270,C,37.71,False,4.26
cp233,pRNA,1,271,C,38.04,False,3.65
cp233,pRNA,1,272,C,32.72,True,5.12
cp233,pRNA,1,273,C,32.08,False,1.93
cp233,pRNA,2,10,N,43.08,True,0.51
cp233,pRNA,2,11,N,45.11,False,3.65
cp233,pRNA,2,13,N,39.29,True,3.43
cp233,pRNA,2,14,N,45.68,False,2.8
cp233,pRNA,2,15,N,44.02,True,2.82
cp233,pRNA,2,16,N,42.67,True,2.79
cp233,pRNA,2,17,N,40.19,True,3.32
cp233,pRNA,2,37,N,36.08,True,3.44
cp233,pRNA,2,40,N,36.87,False,6.48
cp233,pRNA,2,41,N,36.71,True,1.95
cp233,pRNA,2,44,N,39.49,False,5.03
cp233,pRNA,2,45,N,39.17,False,3.83
cp233,pRNA,2,148,N,33.8,True,10.45
cp233,pRNA,2,149,N,41.42,False,5.57
cp233,pRNA,2,150,N,40.49,False,2.88
cp233,pRNA,2,152,N,35.64,False,3.07
cp233,pRNA,2,182,N,42.72,False,4.56
cp233,pRNA,2,237,C,41.25,False,7.72
cp233,pRNA,2,238,C,37.47,True,7.07
cp233,pRNA,2,239,C,36.55,True,5.64
cp233,pRNA,2,240,C,33.21,True,6.85
cp233,pRNA,2,254,C,33.13,False,4.44
cp233,pRNA,2,267,C,37.22,False,5.0
cp233,pRNA,2,268,C,34.52,True,6.51
cp233,pRNA,2,269,C,36.89,True,4.08
cp233,pRNA,2,270,C,37.37,False,4.95
cp233,pRNA,2,271,C,37.78,False,3.88
cp233,pRNA,2,272,C,32.48,True,5.25
cp233,pRNA,2,273,C,31.89,False,2.14
cp233,pRNA,3,10,N,43.11,True,3.14
cp233,pRNA,3,11,N,45.05,False,2.89
cp233,pRNA,3,13,N,39.19,True,5.23
cp233,pRNA,3,14,N,45.56,False,4.02
cp233,pRNA,3,15,N,43.89,True,2.91
cp233,pRNA,3,16,N,42.47,True,2.55
cp233,pRNA,3,17,N,40.02,True,5.46
cp233,pRNA,3,37,N,35.98,True,4.19
cp233,pRNA,3,40,N,36.85,False,6.31
cp233,pRNA,3,41,N,36.62,True,4.48
cp233,pRNA,3,44,N,39.44,False,4.47
cp233,pRNA,3,45,N,39.08,False,4.24
cp233,pRNA,3,148,N,33.52,True,12.06
cp233,pRNA,3,149,N,41.14,False,8.51
cp233,pRNA,3,150,N,40.27,False,4.91
cp233,pRNA,3,152,N,35.44,False,4.61
cp233,pRNA,3,182,N,42.58,False,4.43
cp233,pRNA,3,237,C,40.47,False,6.42
cp233,pRNA,3,238,C,36.83,True,5.89
cp233,pRNA,3,239,C,35.7,True,4.59
cp233,pRNA,3,240,C,32.77,True,5.33
cp233,pRNA,3,254,C,32.55,False,3.24
cp233,pRNA,3,267,C,37.02,False,5.06
cp233,pRNA,3,268,C,34.23,True,6.04
cp233,pRNA,3,269,C,36.39,True,3.82
cp233,pRNA,3,270,C,37.05,False,4.09
cp233,pRNA,3,271,C,37.32,False,3.58
cp233,pRNA,3,272,C,31.9,True,6.34
cp233,pRNA,3,273,C,31.35,False,1.16
cp233,pRNA,4,10,N,43.08,True,0.85
cp233,pRNA,4,11,N,44.97,False,2.39
cp233,pRNA,4,13,N,39.13,True,3.33
cp233,pRNA,4,14,N,45.5,False,2.31
cp233,pRNA,4,15,N,43.84,True,3.39
cp233,pRNA,4,16,N,42.42,True,3.17
cp233,pRNA,4,17,N,40.05,True,4.17
cp233,pRNA,4,37,N,35.92,True,3.96
cp233,pRNA,4,40,N,36.75,False,5.42
cp233,pRNA,4,41,N,36.56,True,3.62
cp233,pRNA,4,44,N,39.39,False,4.47
cp233,pRNA,4,45,N,39.05,False,5.08
cp233,pRNA,4,148,N,33.64,True,13.82
cp233,pRNA,4,149,N,41.26,True,9.39
cp233,pRNA,4,150,N,40.31,False,4.59
cp233,pRNA,4,152,N,35.48,False,4.16
cp233,pRNA,4,182,N,42.63,False,4.47
cp233,pRNA,4,237,C,40.04,False,7.72
cp233,pRNA,4,238,C,36.46,True,6.91
cp233,pRNA,4,239,C,35.41,True,4.61
cp233,pRNA,4,240,C,32.65,True,6.58
cp233,pRNA,4,254,C,32.23,False,4.21
cp233,pRNA,4,267,C,36.81,False,4.53
cp233,pRNA,4,268,C,34.13,True,6.36
cp233,pRNA,4,269,C,36.34,True,4.01
cp233,pRNA,4,270,C,37.09,False,4.7
cp233,pRNA,4,271,C,37.41,False,3.98
cp233,pRNA,4,272,C,31.94,True,6.36
cp233,pRNA,4,273,C,31.53,False,3.28
cp285,DNA,0,55,N,12.7,True,3.77
cp285,DNA,0,56,N,8.59,True,4.34
cp285,DNA,0,57,N,10.36,True,4.1
cp285,DNA,0,59,N,14.72,True,9.48
cp285,DNA,0,60,N,12.24,True,6.64
cp285,DNA,0,82,N,11.76,False,3.78
cp285,DNA,0,83,N,10.51,True,6.87
cp285,DNA,0,98,N,17.95,False,7.82
cp285,DNA,0,99,N,12.94,True,2.72
cp285,DNA,0,100,N,12.22,True,4.33
cp285,DNA,0,125,N,17.07,True,6.08
cp285,DNA,0,126,N,20.01,False,6.48
cp285,DNA,0,127,N,15.48,True,3.96
cp285,DNA,0,128,N,13.33,True,4.86
cp285,DNA,0,129,N,17.77,False,9.56
cp285,DNA,0,130,N,16.28,True,7.15
cp285,DNA,0,292,C,34.68,True,3.4
cp285,DNA,0,293,C,29.99,True,8.78
cp285,DNA,0,297,C,18.77,True,13.52
cp285,DNA,0,330,C,32.61,True,9.69
cp285,DNA,1,55,N,12.82,True,4.14
cp285,DNA,1,56,N,8.72,True,4.84
cp285,DNA,1,57,N,10.5,True,4.76
cp285,DNA,1,59,N,14.93,True,11.07
cp285,DNA,1,60,N,12.42,True,7.78
cp285,DNA,1,82,N,11.96,False,3.87
cp285,DNA,1,83,N,10.73,True,7.47
cp285,DNA,1,98,N,18.04,False,9.07
cp285,DNA,1,99,N,13.02,True,4.23
cp285,DNA,1,100,N,12.31,True,5.55
cp285,DNA,1,125,N,17.07,True,6.25
cp285,DNA,1,126,N,19.97,False,7.72
cp285,DNA,1,127,N,15.43,True,4.64
cp285,DNA,1,128,N,13.44,True,4.85
cp285,DNA,1,129,N,17.86,False,9.61
cp285,DNA,1,130,N,16.35,True,6.31
cp285,DNA,1,292,C,34.21,True,4.35
cp285,DNA,1,293,C,29.55,True,6.36
cp285,DNA,1,297,C,18.22,True,14.3
cp285,DNA,1,330,C,32.17,True,6.51
cp285,DNA,2,55,N,12.6,True,3.99
cp285,DNA,2,56,N,8.44,True,3.93
cp285,DNA,2,57,N,10.42,True,4.85
cp285,DNA,2,59,N,14.8,True,9.55
cp285,DNA,2,60,N,12.44,True,10.43
cp285,DNA,2,82,N,11.87,False,13.35
cp285,DNA,2,83,N,10.53,True,7.52
cp285,DNA,2,98,N,17.83,False,8.75
cp285,DNA,2,99,N,12.81,True,3.69
cp285,DNA,2,100,N,12.09,True,4.93
cp285,DNA,2,125,N,16.88,True,4.87
cp285,DNA,2,126,N,19.76,False,9.47
cp285,DNA,2,127,N,15.24,True,4.49
cp285,DNA,2,128,N,13.28,True,3.31
cp285,DNA,2,129,N,17.6,False,8.13
cp285,DNA,2,130,N,16.11,True,8.0
cp285,DNA,2,292,C,33.91,True,3.44
cp285,DNA,2,293,C,29.31,True,6.83
cp285,DNA,2,297,C,17.87,True,14.53
cp285,DNA,2,330,C,32.04,True,7.89
cp285,DNA,3,55,N,12.79,True,5.95
cp285,DNA,3,56,N,8.63,True,6.34
cp285,DNA,3,57,N,10.45,True,7.54
cp285,DNA,3,59,N,14.82,True,8.83
cp285,DNA,3,60,N,12.36,True,6.73
cp285,DNA,3,82,N,11.82,False,6.15
cp285,DNA,3,83,N,10.64,True,5.97
cp285,DNA,3,98,N,18.0,True,9.92
cp285,DNA,3,99,N,13.01,True,5.41
cp285,DNA,3,100,N,12.27,True,5.85
cp285,DNA,3,125,N,17.04,True,10.14
cp285,DNA,3,126,N,20.03,False,12.03
cp285,DNA,3,127,N,15.45,True,8.57
cp285,DNA,3,128,N,13.46,True,4.98
cp285,DNA,3,129,N,17.89,False,9.6
cp285,DNA,3,130,N,16.39,True,7.41
cp285,DNA,3,292,C,34.1,True,4.84
cp285,DNA,3,293,C,29.38,True,7.67
cp285,DNA,3,297,C,18.14,True,15.49
cp285,DNA,3,330,C,31.96,True,8.6
cp285,DNA,4,55,N,12.8,True,4.3
cp285,DNA,4,56,N,8.61,True,3.84
cp285,DNA,4,57,N,10.45,True,4.94
cp285,DNA,4,59,N,14.8,True,9.2
cp285,DNA,4,60,N,12.32,True,6.47
cp285,DNA,4,82,N,11.79,False,4.4
cp285,DNA,4,83,N,10.61,True,6.62
cp285,DNA,4,98,N,18.02,False,8.29
cp285,DNA,4,99,N,13.01,True,3.17
cp285,DNA,4,100,N,12.25,True,4.53
cp285,DNA,4,125,N,17.09,True,7.29
cp285,DNA,4,126,N,20.08,False,8.01
cp285,DNA,4,127,N,15.49,True,4.61
cp285,DNA,4,128,N,13.5,True,5.11
cp285,DNA,4,129,N,17.95,False,9.15
cp285,DNA,4,130,N,16.44,True,7.6
cp285,DNA,4,292,C,34.52,True,6.56
cp285,DNA,4,293,C,29.79,True,9.56
cp285,DNA,4,297,C,18.68,True,14.48
cp285,DNA,4,330,C,32.31,True,9.5
cp285,pRNA,0,10,N,39.31,True,2.59
cp285,pRNA,0,11,N,43.18,False,5.81
cp285,pRNA,0,13,N,36.48,True,3.94
cp285,pRNA,0,14,N,43.1,False,3.4
cp285,pRNA,0,15,N,42.55,True,4.8
cp285,pRNA,0,16,N,40.45,True,3.84
cp285,pRNA,0,17,N,38.86,True,5.12
cp285,pRNA,0,37,N,33.0,False,3.08
cp285,pRNA,0,40,N,32.88,False,5.53
cp285,pRNA,0,41,N,32.96,True,1.33
cp285,pRNA,0,44,N,34.68,False,2.97
cp285,pRNA,0,45,N,34.5,False,3.8
cp285,pRNA,0,148,N,30.8,True,9.38
cp285,pRNA,0,149,N,38.47,False,7.07
cp285,pRNA,0,150,N,37.7,False,1.31
cp285,pRNA,0,152,N,33.39,False,3.61
cp285,pRNA,0,182,N,42.57,False,6.62
cp285,pRNA,0,237,C,9.52,True,6.7
cp285,pRNA,0,238,C,13.0,False,6.2
cp285,pRNA,0,239,C,7.45,True,0.62
cp285,pRNA,0,240,C,16.36,False,3.62
cp285,pRNA,0,254,C,16.01,True,4.8
cp285,pRNA,0,267,C,21.83,True,10.4
cp285,pRNA,0,268,C,21.68,False,7.92
cp285,pRNA,0,269,C,16.89,True,2.42
cp285,pRNA,0,270,C,20.67,True,6.43
cp285,pRNA,0,271,C,17.89,True,2.44
cp285,pRNA,0,272,C,20.75,True,2.25
cp285,pRNA,0,273,C,21.78,True,0.57
cp285,pRNA,1,10,N,39.55,True,0.84
cp285,pRNA,1,11,N,43.29,False,4.54
cp285,pRNA,1,13,N,36.66,True,3.41
cp285,pRNA,1,14,N,43.31,False,2.64
cp285,pRNA,1,15,N,42.71,True,3.14
cp285,pRNA,1,16,N,40.66,True,3.34
cp285,pRNA,1,17,N,38.98,True,2.7
cp285,pRNA,1,37,N,33.18,False,3.36
cp285,pRNA,1,40,N,33.12,False,6.49
cp285,pRNA,1,41,N,33.16,True,1.72
cp285,pRNA,1,44,N,34.97,False,5.15
cp285,pRNA,1,45,N,34.78,False,3.74
cp285,pRNA,1,148,N,31.08,True,10.84
cp285,pRNA,1,149,N,38.62,False,5.25
cp285,pRNA,1,150,N,37.84,False,0.99
cp285,pRNA,1,152,N,33.55,False,3.4
cp285,pRNA,1,182,N,42.61,False,4.79
cp285,pRNA,1,237,C,9.06,True,8.17
cp285,pRNA,1,238,C,12.39,False,8.14
cp285,pRNA,1,239,C,6.8,True,1.14
cp285,pRNA,1,240,C,15.64,False,4.7
cp285,pRNA,1,254,C,15.27,True,6.07
cp285,pRNA,1,267,C,21.07,True,11.72
cp285,pRNA,1,268,C,20.84,False,8.62
cp285,pRNA,1,269,C,15.85,True,2.56
cp285,pRNA,1,270,C,19.53,True,6.81
cp285,pRNA,1,271,C,16.72,True,3.15
cp285,pRNA,1,272,C,19.75,False,3.09
cp285,pRNA,1,273,C,20.84,True,0.76
cp285,pRNA,2,10,N,39.48,True,3.26
cp285,pRNA,2,11,N,43.18,False,5.27
cp285,pRNA,2,13,N,36.49,True,5.48
cp285,pRNA,2,14,N,43.14,False,4.27
cp285,pRNA,2,15,N,42.47,True,3.32
cp285,pRNA,2,16,N,40.39,True,3.04
cp285,pRNA,2,17,N,38.73,True,5.34
cp285,pRNA,2,37,N,33.07,False,4.12
cp285,pRNA,2,40,N,33.05,False,6.11
cp285,pRNA,2,41,N,33.02,True,3.89
cp285,pRNA,2,44,N,34.9,False,4.6
cp285,pRNA,2,45,N,34.65,False,4.24
cp285,pRNA,2,148,N,30.8,True,12.02
cp285,pRNA,2,149,N,38.39,False,8.87
cp285,pRNA,2,150,N,37.59,False,3.36
cp285,pRNA,2,152,N,33.31,False,5.06
cp285,pRNA,2,182,N,42.36,False,4.7
cp285,pRNA,2,237,C,8.77,True,6.57
cp285,pRNA,2,238,C,12.41,False,6.68
cp285,pRNA,2,239,C,7.13,True,0.61
cp285,pRNA,2,240,C,15.86,False,4.38
cp285,pRNA,2,254,C,15.43,True,5.41
cp285,pRNA,2,267,C,21.21,True,11.61
cp285,pRNA,2,268,C,21.07,False,8.56
cp285,pRNA,2,269,C,16.27,True,2.16
cp285,pRNA,2,270,C,19.95,True,7.18
cp285,pRNA,2,271,C,17.24,True,2.35
cp285,pRNA,2,272,C,20.21,False,2.13
cp285,pRNA,2,273,C,21.28,True,0.58
cp285,pRNA,3,10,N,39.44,True,0.33
cp285,pRNA,3,11,N,43.25,False,2.81
cp285,pRNA,3,13,N,36.54,True,3.74
cp285,pRNA,3,14,N,43.21,False,2.45
cp285,pRNA,3,15,N,42.64,True,3.65
cp285,pRNA,3,16,N,40.5,True,3.74
cp285,pRNA,3,17,N,38.92,True,3.89
cp285,pRNA,3,37,N,33.06,False,3.8
cp285,pRNA,3,40,N,32.94,False,5.38
cp285,pRNA,3,41,N,32.97,True,3.36
cp285,pRNA,3,44,N,34.73,False,4.45
cp285,pRNA,3,45,N,34.5,True,5.06
cp285,pRNA,3,148,N,30.82,True,13.73
cp285,pRNA,3,149,N,38.48,False,9.57
cp285,pRNA,3,150,N,37.68,True,3.81
cp285,pRNA,3,152,N,33.46,False,4.09
cp285,pRNA,3,182,N,42.65,False,4.88
cp285,pRNA,3,237,C,8.69,True,7.7
cp285,pRNA,3,238,C,12.61,True,7.48
cp285,pRNA,3,239,C,7.61,True,2.73
cp285,pRNA,3,240,C,16.22,False,3.72
cp285,pRNA,3,254,C,15.65,True,5.74
cp285,pRNA,3,267,C,21.33,True,11.39
cp285,pRNA,3,268,C,21.36,False,8.85
cp285,pRNA,3,269,C,16.77,True,2.69
cp285,pRNA,3,270,C,20.29,True,6.93
cp285,pRNA,3,271,C,17.79,True,2.83
cp285,pRNA,3,272,C,20.83,False,3.71
cp285,pRNA,3,273,C,22.18,True,0.6
cp285,pRNA,4,10,N,39.41,True,1.54
cp285,pRNA,4,11,N,43.25,False,3.08
cp285,pRNA,4,13,N,36.54,True,4.36
cp285,pRNA,4,14,N,43.21,False,2.41
cp285,pRNA,4,15,N,42.65,True,4.86
cp285,pRNA,4,16,N,40.52,True,3.92
cp285,pRNA,4,17,N,38.94,True,4.93
cp285,pRNA,4,37,N,33.02,False,4.64
cp285,pRNA,4,40,N,32.9,False,5.65
cp285,pRNA,4,41,N,32.94,True,2.63
cp285,pRNA,4,44,N,34.7,False,4.28
cp285,pRNA,4,45,N,34.49,False,4.71
cp285,pRNA,4,148,N,30.84,True,13.59
cp285,pRNA,4,149,N,38.47,False,9.62
cp285,pRNA,4,150,N,37.7,False,3.79
cp285,pRNA,4,152,N,33.42,False,3.71
cp285,pRNA,4,182,N,42.69,False,6.63
cp285,pRNA,4,237,C,9.25,True,7.72
cp285,pRNA,4,238,C,13.22,False,6.82
cp285,pRNA,4,239,C,8.07,True,2.39
cp285,pRNA,4,240,C,16.86,False,4.45
cp285,pRNA,4,254,C,16.36,True,5.51
cp285,pRNA,4,267,C,22.11,True,11.24
cp285,pRNA,4,268,C,22.13,False,8.16
cp285,pRNA,4,269,C,17.46,True,1.48
cp285,pRNA,4,270,C,21.14,True,6.88
cp285,pRNA,4,271,C,18.51,True,2.31
cp285,pRNA,4,272,C,21.41,True,3.6
cp285,pRNA,4,273,C,22.86,True,1.22
cp297,DNA,0,55,N,11.87,True,3.87
cp297,DNA,0,56,N,6.85,True,4.08
cp297,DNA,0,57,N,9.54,True,4.87
cp297,DNA,0,59,N,14.54,True,9.66
cp297,DNA,0,60,N,11.91,True,10.35
cp297,DNA,0,82,N,12.07,False,13.26
cp297,DNA,0,83,N,11.99,True,7.96
cp297,DNA,0,98,N,17.29,True,8.62
cp297,DNA,0,99,N,12.23,True,3.56
cp297,DNA,0,100,N,11.29,True,4.08
cp297,DNA,0,125,N,16.43,True,7.56
cp297,DNA,0,126,N,18.11,False,10.61
cp297,DNA,0,127,N,13.69,True,5.69
cp297,DNA,0,128,N,12.24,True,4.26
cp297,DNA,0,129,N,16.46,False,8.31
cp297,DNA,0,130,N,15.29,False,7.98
cp297,DNA,0,292,C,12.66,True,7.19
cp297,DNA,0,293,C,12.73,True,5.5
cp297,DNA,0,297,C,15.22,True,9.0
cp297,DNA,0,330,C,13.43,False,5.93
cp297,DNA,1,55,N,11.77,True,5.89
cp297,DNA,1,56,N,6.99,True,5.75
cp297,DNA,1,57,N,9.39,True,7.59
cp297,DNA,1,59,N,14.5,True,8.87
cp297,DNA,1,60,N,11.71,True,6.78
cp297,DNA,1,82,N,12.23,False,5.99
cp297,DNA,1,83,N,12.13,True,6.73
cp297,DNA,1,98,N,17.29,True,9.85
cp297,DNA,1,99,N,12.25,True,5.55
cp297,DNA,1,100,N,11.42,True,5.32
cp297,DNA,1,125,N,16.03,True,11.58
cp297,DNA,1,126,N,17.71,False,12.66
cp297,DNA,1,127,N,13.23,True,9.52
cp297,DNA,1,128,N,12.12,True,6.03
cp297,DNA,1,129,N,16.3,False,9.78
cp297,DNA,1,130,N,15.22,False,7.37
cp297,DNA,1,292,C,12.44,True,14.2
cp297,DNA,1,293,C,12.5,True,18.48
cp297,DNA,1,297,C,14.75,True,22.35
cp297,DNA,1,330,C,12.7,False,7.06
cp297,DNA,2,55,N,11.99,True,4.38
cp297,DNA,2,56,N,7.1,True,4.71
cp297,DNA,2,57,N,9.58,True,5.0
cp297,DNA,2,59,N,14.65,True,9.23
cp297,DNA,2,60,N,11.86,True,6.47
cp297,DNA,2,82,N,12.28,False,4.33
cp297,DNA,2,83,N,12.26,True,6.96
cp297,DNA,2,98,N,17.46,False,8.19
cp297,DNA,2,99,N,12.39,True,3.12
cp297,DNA,2,100,N,11.52,True,3.72
cp297,DNA,2,125,N,16.33,True,7.22
cp297,DNA,2,126,N,18.05,False,8.04
cp297,DNA,2,127,N,13.57,True,4.14
cp297,DNA,2,128,N,12.35,True,6.17
cp297,DNA,2,129,N,16.56,False,9.27
cp297,DNA,2,130,N,15.41,True,7.49
cp297,DNA,2,292,C,12.96,True,10.28
cp297,DNA,2,293,C,12.9,True,12.64
cp297,DNA,2,297,C,15.09,True,13.95
cp297,DNA,2,330,C,12.97,False,4.23
cp297,DNA,3,55,N,11.72,True,3.74
cp297,DNA,3,56,N,6.75,True,4.74
cp297,DNA,3,57,N,9.36,True,4.18
cp297,DNA,3,59,N,14.32,True,9.48
cp297,DNA,3,60,N,11.69,True,6.66
cp297,DNA,3,82,N,11.85,False,3.8
cp297,DNA,3,83,N,11.81,True,6.91
cp297,DNA,3,98,N,17.14,False,7.68
cp297,DNA,3,99,N,12.1,True,2.63
cp297,DNA,3,100,N,11.25,True,3.52
cp297,DNA,3,125,N,16.27,True,5.53
cp297,DNA,3,126,N,17.94,False,7.13
cp297,DNA,3,127,N,13.5,True,3.46
cp297,DNA,3,128,N,12.27,True,5.65
cp297,DNA,3,129,N,16.38,False,9.71
cp297,DNA,3,130,N,15.19,True,7.08
cp297,DNA,3,292,C,12.34,True,10.93
cp297,DNA,3,293,C,12.38,True,10.74
cp297,DNA,3,297,C,15.16,True,14.47
cp297,DNA,3,330,C,13.25,False,6.92
cp297,DNA,4,55,N,11.99,True,4.51
cp297,DNA,4,56,N,7.21,True,6.28
cp297,DNA,4,57,N,9.56,True,4.85
cp297,DNA,4,59,N,14.68,True,11.08
cp297,DNA,4,60,N,11.81,True,7.74
cp297,DNA,4,82,N,12.38,False,3.83
cp297,DNA,4,83,N,12.26,True,7.42
cp297,DNA,4,98,N,17.5,False,8.98
cp297,DNA,4,99,N,12.47,True,4.24
cp297,DNA,4,100,N,11.58,True,5.1
cp297,DNA,4,125,N,16.26,True,5.97
cp297,DNA,4,126,N,17.98,False,8.79
cp297,DNA,4,127,N,13.5,True,4.46
cp297,DNA,4,128,N,12.34,True,5.69
cp297,DNA,4,129,N,16.57,False,9.68
cp297,DNA,4,130,N,15.47,False,6.25
cp297,DNA,4,292,C,12.81,True,11.06
cp297,DNA,4,293,C,12.71,True,12.63
cp297,DNA,4,297,C,14.83,True,14.16
cp297,DNA,4,330,C,13.33,False,5.13
cp297,pRNA,0,10,N,39.51,True,3.45
cp297,pRNA,0,11,N,42.75,False,3.13
cp297,pRNA,0,13,N,36.44,True,5.59
cp297,pRNA,0,14,N,42.99,False,4.46
cp297,pRNA,0,15,N,41.96,True,3.33
cp297,pRNA,0,16,N,40.47,True,2.8
cp297,pRNA,0,17,N,38.39,True,5.05
cp297,pRNA,0,37,N,33.22,False,4.02
cp297,pRNA,0,40,N,33.48,False,6.1
cp297,pRNA,0,41,N,33.44,True,3.89
cp297,pRNA,0,44,N,35.58,False,3.43
cp297,pRNA,0,45,N,35.25,False,4.39
cp297,pRNA,0,148,N,31.71,True,11.07
cp297,pRNA,0,149,N,38.91,False,8.11
cp297,pRNA,0,150,N,37.8,False,0.72
cp297,pRNA,0,152,N,33.27,False,5.04
cp297,pRNA,0,182,N,41.43,False,4.85
cp297,pRNA,0,237,C,41.67,False,5.42
cp297,pRNA,0,238,C,37.34,True,5.99
cp297,pRNA,0,239,C,36.93,True,4.85
cp297,pRNA,0,240,C,32.95,True,5.02
cp297,pRNA,0,254,C,33.21,False,3.15
cp297,pRNA,0,267,C,36.37,False,5.45
cp297,pRNA,0,268,C,34.11,True,5.84
cp297,pRNA,0,269,C,36.73,True,3.74
cp297,pRNA,0,270,C,37.23,False,3.59
cp297,pRNA,0,271,C,37.85,False,3.28
cp297,pRNA,0,272,C,32.66,True,5.98
cp297,pRNA,0,273,C,32.1,False,1.06
cp297,pRNA,1,10,N,39.41,True,0.88
cp297,pRNA,1,11,N,42.67,False,2.96
cp297,pRNA,1,13,N,36.39,True,3.77
cp297,pRNA,1,14,N,42.98,False,2.51
cp297,pRNA,1,15,N,41.92,True,3.78
cp297,pRNA,1,16,N,40.48,True,3.43
cp297,pRNA,1,17,N,38.36,True,3.57
cp297,pRNA,1,37,N,33.2,False,3.88
cp297,pRNA,1,40,N,33.58,False,5.47
cp297,pRNA,1,41,N,33.53,True,3.31
cp297,pRNA,1,44,N,35.83,False,2.95
cp297,pRNA,1,45,N,35.51,False,5.01
cp297,pRNA,1,148,N,31.97,True,12.47
cp297,pRNA,1,149,N,39.02,False,9.1
cp297,pRNA,1,150,N,37.94,False,2.87
cp297,pRNA,1,152,N,33.3,False,4.1
cp297,pRNA,1,182,N,41.28,False,4.85
cp297,pRNA,1,237,C,41.32,False,4.71
cp297,pRNA,1,238,C,36.98,True,3.08
cp297,pRNA,1,239,C,36.55,True,1.89
cp297,pRNA,1,240,C,32.71,True,0.38
cp297,pRNA,1,254,C,32.87,False,0.55
cp297,pRNA,1,267,C,36.13,False,0.62
cp297,pRNA,1,268,C,33.87,True,2.61
cp297,pRNA,1,269,C,36.43,True,1.15
cp297,pRNA,1,270,C,37.03,False,3.1
cp297,pRNA,1,271,C,37.63,False,0.7
cp297,pRNA,1,272,C,32.37,True,0.68
cp297,pRNA,1,273,C,31.85,False,3.16
cp297,pRNA,2,10,N,39.61,True,1.46
cp297,pRNA,2,11,N,42.86,False,3.31
cp297,pRNA,2,13,N,36.56,True,4.52
cp297,pRNA,2,14,N,43.15,False,2.38
cp297,pRNA,2,15,N,42.08,True,4.97
cp297,pRNA,2,16,N,40.58,True,3.71
cp297,pRNA,2,17,N,38.53,True,4.75
cp297,pRNA,2,37,N,33.31,False,4.57
cp297,pRNA,2,40,N,33.59,False,5.7
cp297,pRNA,2,41,N,33.55,True,2.61
cp297,pRNA,2,44,N,35.75,False,2.82
cp297,pRNA,2,45,N,35.43,True,4.97
cp297,pRNA,2,148,N,31.94,True,13.06
cp297,pRNA,2,149,N,39.06,False,9.11
cp297,pRNA,2,150,N,37.95,False,2.43
cp297,pRNA,2,152,N,33.37,False,3.69
cp297,pRNA,2,182,N,41.51,False,6.8
cp297,pRNA,2,237,C,41.63,False,0.43
cp297,pRNA,2,238,C,37.27,True,1.44
cp297,pRNA,2,239,C,36.96,True,1.18
cp297,pRNA,2,240,C,33.15,True,0.2
cp297,pRNA,2,254,C,33.22,False,1.2
cp297,pRNA,2,267,C,36.47,False,0.48
cp297,pRNA,2,268,C,34.27,True,4.18
cp297,pRNA,2,269,C,36.93,True,1.02
cp297,pRNA,2,270,C,37.49,False,3.38
cp297,pRNA,2,271,C,38.1,False,0.67
cp297,pRNA,2,272,C,32.88,True,0.79
cp297,pRNA,2,273,C,32.38,False,1.96
cp297,pRNA,3,10,N,39.26,True,3.01
cp297,pRNA,3,11,N,42.58,False,2.99
cp297,pRNA,3,13,N,36.21,True,4.09
cp297,pRNA,3,14,N,42.8,False,3.6
cp297,pRNA,3,15,N,41.8,True,4.93
cp297,pRNA,3,16,N,40.21,True,3.62
cp297,pRNA,3,17,N,38.26,True,4.98
cp297,pRNA,3,37,N,32.94,False,3.13
cp297,pRNA,3,40,N,33.15,False,5.57
cp297,pRNA,3,41,N,33.14,True,1.32
cp297,pRNA,3,44,N,35.3,False,2.9
cp297,pRNA,3,45,N,35.0,False,3.92
cp297,pRNA,3,148,N,31.61,True,8.93
cp297,pRNA,3,149,N,38.75,False,5.66
cp297,pRNA,3,150,N,37.6,False,0.71
cp297,pRNA,3,152,N,33.06,False,3.49
cp297,pRNA,3,182,N,41.23,False,6.79
cp297,pRNA,3,237,C,41.64,False,0.62
cp297,pRNA,3,238,C,37.25,True,2.22
cp297,pRNA,3,239,C,36.87,True,0.91
cp297,pRNA,3,240,C,32.72,True,0.84
cp297,pRNA,3,254,C,33.15,False,1.14
cp297,pRNA,3,267,C,36.18,False,1.01
cp297,pRNA,3,268,C,33.9,True,3.75
cp297,pRNA,3,269,C,36.51,True,1.32
cp297,pRNA,3,270,C,36.98,False,2.87
cp297,pRNA,3,271,C,37.59,False,0.88
cp297,pRNA,3,272,C,32.43,True,0.61
cp297,pRNA,3,273,C,31.82,False,1.55
cp297,pRNA,4,10,N,39.66,True,0.63
cp297,pRNA,4,11,N,42.91,False,3.65
cp297,pRNA,4,13,N,36.62,True,3.64
cp297,pRNA,4,14,N,43.21,False,2.77
cp297,pRNA,4,15,N,42.17,True,3.24
cp297,pRNA,4,16,N,40.72,True,2.92
cp297,pRNA,4,17,N,38.6,True,2.37
cp297,pRNA,4,37,N,33.41,False,3.42
cp297,pRNA,4,40,N,33.71,False,6.45
cp297,pRNA,4,41,N,33.68,True,1.67
cp297,pRNA,4,44,N,35.94,False,4.92
cp297,pRNA,4,45,N,35.66,False,3.83
cp297,pRNA,4,148,N,32.1,True,10.36
cp297,pRNA,4,149,N,39.16,True,5.71
cp297,pRNA,4,150,N,38.11,False,1.85
cp297,pRNA,4,152,N,33.49,False,3.29
cp297,pRNA,4,182,N,41.52,False,4.88
cp297,pRNA,4,237,C,41.45,False,0.75
cp297,pRNA,4,238,C,37.12,True,1.9
cp297,pRNA,4,239,C,36.72,True,0.88
cp297,pRNA,4,240,C,32.92,True,0.9
cp297,pRNA,4,254,C,33.05,False,1.59
cp297,pRNA,4,267,C,36.35,False,1.46
cp297,pRNA,4,268,C,34.15,True,3.36
cp297,pRNA,4,269,C,36.72,True,1.5
cp297,pRNA,4,270,C,37.34,False,3.88
cp297,pRNA,4,271,C,37.94,False,0.57
cp297,pRNA,4,272,C,32.64,True,0.63
cp297,pRNA,4,273,C,32.19,False,1.83
